scenario,entities,iteration,mean_bits,std_bits,mean_bytes,std_bytes,runs
data,128,1,18.4375,0.0239,3.0537,0.0030,100
data,128,2,18.8665,0.0515,3.1063,0.0064,100
data,128,3,19.2919,0.0761,3.1583,0.0097,100
data,128,4,19.7209,0.0989,3.2105,0.0125,100
data,128,6,20.5703,0.1442,3.3142,0.0179,100
data,128,7,20.9787,0.1716,3.3641,0.0213,100
data,128,10,22.1770,0.2456,3.5096,0.0311,100
data,128,13,23.3360,0.2935,3.6501,0.0372,100
data,128,18,25.2715,0.4179,3.8830,0.0530,100
data,128,24,27.5265,0.5267,4.1539,0.0656,100
data,128,32,30.4813,0.6457,4.5077,0.0802,100
data,128,42,34.0341,0.6782,4.9323,0.0846,100
data,128,56,38.8578,0.8898,5.5062,0.1109,100
data,128,75,45.1829,1.2750,6.2616,0.1575,100
data,128,100,53.6291,1.5749,7.2779,0.1930,100
data,128,133,65.2983,2.0491,8.6926,0.2500,100
data,128,178,83.6134,2.8782,10.9379,0.3531,100
data,128,237,113.3557,4.5896,14.6284,0.5738,100
data,128,316,168.2508,8.6829,21.4745,1.0850,100
data,128,422,277.8479,16.4381,35.1669,2.0564,100
data,128,562,502.9770,33.2575,63.3138,4.1610,100
data,128,750,940.1607,51.4318,117.9594,6.4279,100
data,128,1000,1644.6645,67.7790,206.0205,8.4787,100
data,128,1334,2543.3582,81.6508,318.3552,10.2094,100
data,128,1778,3535.9330,94.8210,442.4322,11.8498,100
data,128,2371,4677.8477,112.7369,585.1694,14.0920,100
data,128,3162,6009.8337,147.4555,751.6651,18.4367,100
data,128,4217,7619.8727,168.5352,952.9224,21.0678,100
data,128,5623,9563.8701,208.1710,1195.9184,26.0188,100
data,128,7499,11910.7978,310.6895,1489.2911,38.8344,100
data,128,10000,14680.2799,462.1037,1835.4701,57.7604,100
data,128,13335,17669.9445,880.2342,2209.1842,110.0319,100
data,128,17783,20345.8341,1298.7180,2543.6681,162.3392,100
data,128,23714,22846.7566,1530.7287,2856.2855,191.3395,100
data,128,31623,24098.4375,2158.2629,3012.7391,269.7838,100
data,128,42170,25111.2878,2199.8401,3139.3433,274.9780,100
data,128,56234,25320.7927,2183.6023,3165.5321,272.9542,100
data,128,74989,26141.1560,2530.8239,3268.0842,316.3542,100
data,128,100000,26091.3812,2397.0920,3261.8591,299.6376,100
data,64,1,18.5200,0.0640,3.0533,0.0080,100
data,64,2,19.0627,0.1063,3.1103,0.0139,100
data,64,3,19.6370,0.1804,3.1708,0.0222,100
data,64,4,20.1980,0.2345,3.2302,0.0270,100
data,64,6,21.3464,0.3136,3.3531,0.0345,100
data,64,7,21.9033,0.3603,3.4134,0.0400,100
data,64,10,23.6325,0.5226,3.6016,0.0552,100
data,64,13,25.3548,0.6449,3.7947,0.0675,100
data,64,18,28.0542,0.8584,4.0984,0.0915,100
data,64,24,31.5944,1.0903,4.5023,0.1188,100
data,64,32,36.2150,1.2706,5.0386,0.1496,100
data,64,42,42.0019,1.5892,5.7314,0.1851,100
data,64,56,50.4602,2.0644,6.7636,0.2453,100
data,64,75,62.7052,2.5380,8.2789,0.3127,100
data,64,100,81.3691,3.8445,10.6083,0.4786,100
data,64,133,111.9891,5.9365,14.4270,0.7389,100
data,64,178,168.2602,10.5900,21.4747,1.3294,100
data,64,237,271.8961,19.6522,34.4275,2.4551,100
data,64,316,456.4289,31.3452,57.4948,3.9204,100
data,64,422,744.1859,46.1650,93.4605,5.7710,100
data,64,562,1122.4019,53.5283,140.7417,6.6887,100
data,64,750,1554.1528,71.1355,194.7114,8.9007,100
data,64,1000,2037.3725,78.2591,255.1077,9.7809,100
data,64,1334,2598.5595,104.7385,325.2608,13.0937,100
data,64,1778,3229.1788,126.0152,404.0827,15.7512,100
data,64,2371,3977.6089,163.2046,497.6389,20.4019,100
data,64,3162,4728.4417,246.9375,591.4972,30.8671,100
data,64,4217,5544.9291,356.1227,693.5511,44.5244,100
data,64,5623,6221.6702,526.6167,778.1447,65.8328,100
data,64,7499,6627.0681,676.1805,828.8178,84.5259,100
data,64,10000,7030.9341,797.4635,879.3034,99.6816,100
data,64,13335,7087.7405,774.6176,886.4020,96.8287,100
data,64,17783,7158.3370,794.5722,895.2375,99.3202,100
data,64,23714,7351.4277,1001.6096,919.3603,125.2059,100
data,64,31623,7293.5080,796.4829,912.1331,99.5620,100
data,64,42170,7303.3858,783.9603,913.3606,97.9976,100
data,64,56234,7413.3094,980.6203,927.0995,122.5745,100
data,64,74989,7270.7817,818.5208,909.2827,102.3177,100
data,64,100000,7242.7070,999.3833,905.7737,124.9237,100
data,32,1,18.8206,0.0786,3.0906,0.0094,100
data,32,2,19.6591,0.1871,3.1831,0.0203,100
data,32,3,20.4959,0.2997,3.2763,0.0312,100
data,32,4,21.3078,0.4108,3.3678,0.0414,100
data,32,6,23.0319,0.5147,3.5616,0.0558,100
data,32,7,23.9059,0.6182,3.6606,0.0690,100
data,32,10,26.5787,0.9769,3.9622,0.1102,100
data,32,13,29.3172,1.3418,4.2787,0.1488,100
data,32,18,34.0800,1.7795,4.8384,0.2006,100
data,32,24,40.0878,2.1846,5.5550,0.2568,100
data,32,32,48.6669,2.9174,6.5866,0.3511,100
data,32,42,60.3597,3.6557,8.0172,0.4411,100
data,32,56,78.7366,5.3074,10.2969,0.6522,100
data,32,75,108.3881,8.3645,13.9959,1.0393,100
data,32,100,157.1922,13.5599,20.0806,1.6858,100
data,32,133,236.1547,18.2206,29.9647,2.2769,100
data,32,178,357.0750,22.3464,45.0763,2.7933,100
data,32,237,512.4478,32.2917,64.4922,4.0274,100
data,32,316,690.1506,39.8279,86.7169,4.9866,100
data,32,422,891.7663,46.3201,111.9091,5.7818,100
data,32,562,1103.5328,68.0473,138.3953,8.5043,100
data,32,750,1333.0241,90.5227,167.0700,11.3127,100
data,32,1000,1562.9762,132.5855,195.8175,16.5675,100
data,32,1334,1769.0703,192.7636,221.5722,24.0850,100
data,32,1778,1949.2897,226.2604,244.0978,28.2946,100
data,32,2371,2040.0275,246.1366,255.4375,30.7622,100
data,32,3162,2139.4125,287.0040,267.8697,35.8797,100
data,32,4217,2168.3159,287.6991,271.4728,35.9614,100
data,32,5623,2104.7544,286.3721,263.5297,35.8009,100
data,32,7499,2168.6894,308.6391,271.5288,38.5822,100
data,32,10000,2141.5106,296.0475,268.1194,37.0002,100
data,32,13335,2171.7216,282.2911,271.9075,35.2881,100
data,32,17783,2190.0806,305.0511,274.1931,38.1342,100
data,32,23714,2172.0444,303.9528,271.9400,37.9995,100
data,32,31623,2144.7737,260.0461,268.5400,32.5047,100
data,32,42170,2225.7372,306.1497,278.6531,38.2673,100
data,32,56234,2190.4294,308.6142,274.2469,38.5719,100
data,32,74989,2171.3187,313.9806,271.8469,39.2523,100
data,32,100000,2190.2944,296.0875,274.2206,37.0277,100
data,16,1,19.2413,0.2929,3.1488,0.0413,100
data,16,2,20.5700,0.4146,3.3050,0.0561,100
data,16,3,21.9550,0.6234,3.4681,0.0827,100
data,16,4,23.3250,0.7886,3.6281,0.1025,100
data,16,6,26.1369,1.1704,3.9506,0.1442,100
data,16,7,27.4312,1.3177,4.0963,0.1631,100
data,16,10,32.3462,2.0284,4.6719,0.2547,100
data,16,13,36.6319,2.3416,5.1650,0.2889,100
data,16,18,44.7256,3.2435,6.1306,0.3907,100
data,16,24,55.1925,4.6481,7.4044,0.5777,100
data,16,32,72.3919,7.2740,9.5056,0.9024,100
data,16,42,96.4100,9.9487,12.5038,1.2390,100
data,16,56,132.1144,13.2643,16.9713,1.6652,100
data,16,75,182.3125,14.9142,23.2250,1.8711,100
data,16,100,242.7419,19.7648,30.7725,2.4785,100
data,16,133,309.5319,23.8688,39.1350,2.9756,100
data,16,178,384.2538,32.3914,48.4588,4.0516,100
data,16,237,456.3556,43.9187,57.4637,5.4961,100
data,16,316,530.3144,61.5234,66.7225,7.6786,100
data,16,422,598.5625,73.8501,75.2669,9.2309,100
data,16,562,626.3831,101.4588,78.7319,12.6874,100
data,16,750,647.4400,112.6347,81.3775,14.0788,100
data,16,1000,670.3769,118.8991,84.2531,14.8556,100
data,16,1334,686.0994,125.0387,86.2044,15.6302,100
data,16,1778,695.8550,129.3366,87.4306,16.1829,100
data,16,2371,671.2812,124.2932,84.3394,15.5273,100
data,16,3162,683.9800,119.0656,85.9412,14.8852,100
data,16,4217,692.1450,115.1859,86.9531,14.4069,100
data,16,5623,687.1825,126.4327,86.3487,15.8054,100
data,16,7499,698.1394,124.1042,87.6969,15.5231,100
data,16,10000,697.3781,125.3007,87.6188,15.6590,100
data,16,13335,685.6331,126.3063,86.1544,15.7929,100
data,16,17783,705.8956,128.4563,88.6612,16.0617,100
data,16,23714,680.8012,116.3135,85.5219,14.5422,100
data,16,31623,684.3781,106.4186,85.9806,13.2928,100
data,16,42170,672.8500,116.9340,84.5456,14.6099,100
data,16,56234,696.5325,106.3898,87.5056,13.3137,100
data,16,74989,692.9238,119.4963,87.0556,14.9549,100
data,16,100000,688.9819,123.0222,86.5700,15.3759,100
data,8,1,14.2863,0.5872,2.4850,0.0923,100
data,8,2,17.8087,1.2548,2.8788,0.1644,100
data,8,3,20.8588,1.7807,3.2250,0.2305,100
data,8,4,23.9275,2.0039,3.5675,0.2613,100
data,8,6,29.1262,2.6672,4.1712,0.3403,100
data,8,7,31.9237,3.0639,4.5012,0.3822,100
data,8,10,39.0637,3.5467,5.3600,0.4288,100
data,8,13,47.4225,4.5003,6.3863,0.5359,100
data,8,18,61.3200,6.1562,8.1025,0.7678,100
data,8,24,77.7100,8.3126,10.1438,1.0483,100
data,8,32,96.9938,10.6778,12.5612,1.3480,100
data,8,42,119.5238,14.8816,15.3788,1.8580,100
data,8,56,145.9038,17.6954,18.6513,2.2027,100
data,8,75,172.0550,22.5918,21.9262,2.8146,100
data,8,100,190.4975,30.5202,24.2725,3.8111,100
data,8,133,203.2550,29.8186,25.8487,3.6978,100
data,8,178,218.3625,46.0522,27.7112,5.7664,100
data,8,237,228.8738,47.0614,29.0463,5.8877,100
data,8,316,231.0637,48.6409,29.3113,6.0867,100
data,8,422,242.3963,50.9221,30.7250,6.3867,100
data,8,562,238.0250,53.4886,30.1962,6.6924,100
data,8,750,242.7600,51.8263,30.7763,6.4933,100
data,8,1000,241.8450,47.2948,30.6750,5.9240,100
data,8,1334,240.9450,46.6197,30.5675,5.8313,100
data,8,1778,243.8462,53.3230,30.9275,6.6753,100
data,8,2371,234.3363,49.4823,29.7462,6.1894,100
data,8,3162,244.3762,45.5051,30.9800,5.6637,100
data,8,4217,251.9638,52.8690,31.9275,6.6080,100
data,8,5623,250.7688,53.9758,31.7600,6.7402,100
data,8,7499,255.6350,55.3368,32.3888,6.9245,100
data,8,10000,244.5888,49.2083,31.0087,6.1509,100
data,8,13335,250.6475,52.3094,31.7725,6.5566,100
data,8,17783,245.9888,54.3134,31.1887,6.7907,100
data,8,23714,251.7012,46.9143,31.8962,5.8509,100
data,8,31623,246.3963,54.5209,31.2338,6.8178,100
data,8,42170,256.7375,55.2809,32.5300,6.9144,100
data,8,56234,244.9737,51.2235,31.0500,6.4095,100
data,8,74989,249.2975,50.4753,31.6038,6.3331,100
data,8,100000,251.7400,56.9594,31.9013,7.1206,100
data,4,1,14.1550,0.9259,2.4350,0.1097,100
data,4,2,18.1225,2.3477,2.8525,0.2763,100
data,4,3,22.1150,3.1940,3.3125,0.3765,100
data,4,4,26.1100,3.9709,3.7775,0.4729,100
data,4,6,32.4975,4.9578,4.5475,0.6171,100
data,4,7,36.0675,5.3764,4.9750,0.6572,100
data,4,10,45.1200,7.1784,6.0550,0.9018,100
data,4,13,52.4900,8.8577,6.9900,1.1118,100
data,4,18,61.3700,11.2841,8.1000,1.4169,100
data,4,24,68.6700,13.4247,9.0400,1.6866,100
data,4,32,77.1625,18.8353,10.0775,2.3595,100
data,4,42,85.3100,22.1574,11.0600,2.7702,100
data,4,56,89.1950,21.5127,11.5775,2.7280,100
data,4,75,92.7525,24.2396,12.0300,3.0303,100
data,4,100,92.8150,22.7580,12.0275,2.8489,100
data,4,133,90.7025,26.6611,11.7600,3.3504,100
data,4,178,92.0100,24.8821,11.9400,3.1279,100
data,4,237,94.5225,20.7718,12.2575,2.5939,100
data,4,316,98.5425,30.5520,12.7625,3.8247,100
data,4,422,96.6850,24.2294,12.5250,3.0194,100
data,4,562,94.0700,23.5224,12.2000,2.9623,100
data,4,750,95.7175,25.6907,12.3925,3.2506,100
data,4,1000,99.2000,24.4740,12.8450,3.0706,100
data,4,1334,96.4950,23.5135,12.4925,2.9486,100
data,4,1778,103.1275,28.1495,13.3425,3.5201,100
data,4,2371,101.5175,25.8260,13.1575,3.2217,100
data,4,3162,103.8875,25.6989,13.4125,3.2244,100
data,4,4217,104.2100,22.4162,13.4625,2.7628,100
data,4,5623,105.3075,24.9768,13.5925,3.1152,100
data,4,7499,107.3950,24.3614,13.8675,3.0681,100
data,4,10000,110.4725,26.9692,14.2625,3.3586,100
data,4,13335,109.2000,30.1458,14.1050,3.7637,100
data,4,17783,107.0500,26.6649,13.8250,3.3618,100
data,4,23714,110.1025,26.6844,14.2100,3.3211,100
data,4,31623,110.9525,25.9200,14.3400,3.2723,100
data,4,42170,108.2025,24.9506,13.9425,3.1104,100
data,4,56234,107.5650,22.6227,13.8525,2.8320,100
data,4,74989,110.9325,25.2977,14.3075,3.1770,100
data,4,100000,108.4125,24.2000,14.0025,3.0552,100
process,128,1,18.1991,0.0274,3.0239,0.0033,100
process,128,2,18.3911,0.0361,3.0469,0.0047,100
process,128,3,18.5902,0.0453,3.0708,0.0057,100
process,128,4,18.7881,0.0653,3.0945,0.0084,100
process,128,6,19.1911,0.1025,3.1426,0.0131,100
process,128,7,19.3853,0.1121,3.1658,0.0146,100
process,128,10,19.9856,0.1680,3.2372,0.0218,100
process,128,13,20.5562,0.2143,3.3046,0.0278,100
process,128,18,21.5418,0.3179,3.4205,0.0409,100
process,128,24,22.7551,0.4005,3.5627,0.0517,100
process,128,32,24.3114,0.5612,3.7441,0.0723,100
process,128,42,26.3672,0.6485,3.9838,0.0827,100
process,128,56,29.3197,0.8413,4.3257,0.1080,100
process,128,75,33.4523,1.0981,4.8043,0.1407,100
process,128,100,39.1486,1.3603,5.4707,0.1719,100
process,128,133,47.3952,1.7450,6.4477,0.2218,100
process,128,178,60.3043,2.4744,8.0114,0.3083,100
process,128,237,81.9742,3.7193,10.6912,0.4675,100
process,128,316,121.6650,6.2635,15.6435,0.7841,100
process,128,422,201.6591,12.2524,25.6407,1.5299,100
process,128,562,350.4984,17.2708,44.2492,2.1553,100
process,128,750,575.2870,21.7170,72.3527,2.7139,100
process,128,1000,782.3126,16.4713,98.2255,2.0602,100
process,128,1334,892.4220,17.5674,111.9916,2.1965,100
process,128,1778,946.8297,18.6912,118.7929,2.3430,100
process,128,2371,982.9940,17.9805,123.3147,2.2475,100
process,128,3162,1010.0098,19.2230,126.6857,2.4008,100
process,128,4217,1027.7044,19.9590,128.9039,2.4955,100
process,128,5623,1051.5036,23.3616,131.8762,2.9223,100
process,128,7499,1067.0846,23.4552,133.8199,2.9324,100
process,128,10000,1093.2535,26.5375,137.0973,3.3190,100
process,128,13335,1118.5920,22.1844,140.2623,2.7659,100
process,128,17783,1143.6506,22.0602,143.4014,2.7618,100
process,128,23714,1167.6477,25.4703,146.3968,3.1839,100
process,128,25000,1167.2947,25.5304,146.3521,3.1871,100
process,64,1,18.3534,0.0589,3.0322,0.0053,100
process,64,2,18.7009,0.0809,3.0639,0.0070,100
process,64,3,19.0497,0.1180,3.0959,0.0101,100
process,64,4,19.4022,0.1555,3.1284,0.0132,100
process,64,6,20.1059,0.2253,3.1939,0.0189,100
process,64,7,20.4606,0.2551,3.2272,0.0214,100
process,64,10,21.5162,0.3730,3.3281,0.0319,100
process,64,13,22.5717,0.4385,3.4303,0.0373,100
process,64,18,24.3897,0.5547,3.6130,0.0514,100
process,64,24,26.6288,0.6522,3.8462,0.0681,100
process,64,32,29.5870,0.9741,4.1673,0.1025,100
process,64,42,33.4352,1.3491,4.5994,0.1491,100
process,64,56,39.3083,1.7968,5.2898,0.2139,100
process,64,75,47.7725,2.3765,6.3330,0.2962,100
process,64,100,60.7966,3.4429,7.9756,0.4381,100
process,64,133,82.0577,5.0790,10.6423,0.6351,100
process,64,178,121.2377,8.0530,15.5598,1.0038,100
process,64,237,185.9014,10.8889,23.6634,1.3546,100
process,64,316,281.5528,12.9204,35.6247,1.6121,100
process,64,422,379.3581,10.5807,47.8519,1.3257,100
process,64,562,440.8583,11.7696,55.5466,1.4700,100
process,64,750,471.0061,13.4720,59.3130,1.6876,100
process,64,1000,489.6028,14.3143,61.6377,1.7914,100
process,64,1334,502.2720,15.6043,63.2220,1.9541,100
process,64,1778,512.4356,14.9166,64.4944,1.8658,100
process,64,2371,524.2033,15.1085,65.9644,1.8886,100
process,64,3162,532.8361,16.4314,67.0467,2.0499,100
process,64,4217,543.4342,18.4838,68.3708,2.3127,100
process,64,5623,556.4256,15.4850,69.9912,1.9330,100
process,64,7499,569.7886,18.2460,71.6542,2.2804,100
process,64,10000,580.8320,14.9486,73.0403,1.8705,100
process,64,13335,591.7223,17.6647,74.4036,2.2073,100
process,64,17783,606.6216,16.8485,76.2648,2.1028,100
process,64,23714,618.1406,17.3030,77.7056,2.1679,100
process,64,25000,617.4920,17.2790,77.6238,2.1590,100
process,32,1,18.6025,0.0847,3.0638,0.0088,100
process,32,2,19.2316,0.1939,3.1303,0.0203,100
process,32,3,19.8513,0.2552,3.1969,0.0271,100
process,32,4,20.4831,0.3540,3.2653,0.0366,100
process,32,6,21.7031,0.4980,3.3988,0.0519,100
process,32,7,22.2947,0.5838,3.4647,0.0597,100
process,32,10,24.2234,0.8990,3.6812,0.0937,100
process,32,13,26.1562,1.1399,3.9038,0.1220,100
process,32,18,29.3859,1.4874,4.2866,0.1692,100
process,32,24,33.4281,1.9211,4.7750,0.2230,100
process,32,32,38.9950,2.5232,5.4612,0.2976,100
process,32,42,46.7344,3.3773,6.4072,0.4095,100
process,32,56,59.0356,4.2901,7.9100,0.5281,100
process,32,75,78.6425,5.6308,10.3197,0.6993,100
process,32,100,108.8125,7.6649,14.0616,0.9553,100
process,32,133,148.6256,8.4588,19.0256,1.0534,100
process,32,178,191.7484,7.9065,24.4047,0.9935,100
process,32,237,221.1984,8.3553,28.0859,1.0412,100
process,32,316,236.6672,8.2598,30.0181,1.0323,100
process,32,422,246.1362,9.3765,31.1984,1.1767,100
process,32,562,253.4028,10.5708,32.1262,1.3245,100
process,32,750,259.4053,10.2121,32.8578,1.2764,100
process,32,1000,264.9519,10.3084,33.5613,1.2913,100
process,32,1334,269.9191,10.8274,34.1828,1.3505,100
process,32,1778,276.2462,10.8854,34.9766,1.3648,100
process,32,2371,282.6759,10.8456,35.7875,1.3534,100
process,32,3162,287.1616,12.1271,36.3356,1.5142,100
process,32,4217,295.4541,11.6647,37.3706,1.4531,100
process,32,5623,299.9250,11.8252,37.9225,1.4815,100
process,32,7499,309.3419,13.5121,39.1069,1.6927,100
process,32,10000,312.5238,13.2388,39.5006,1.6589,100
process,32,13335,320.5928,12.1872,40.5169,1.5231,100
process,32,17783,326.6316,14.6198,41.2606,1.8265,100
process,32,23714,333.4047,14.4704,42.1094,1.7948,100
process,32,25000,335.7006,14.8695,42.4056,1.8643,100
process,16,1,19.0625,0.2497,3.1300,0.0327,100
process,16,2,20.1306,0.4417,3.2575,0.0601,100
process,16,3,21.1875,0.5876,3.3813,0.0793,100
process,16,4,22.2019,0.8575,3.5031,0.1147,100
process,16,6,24.4025,1.2342,3.7538,0.1617,100
process,16,7,25.4556,1.4125,3.8719,0.1808,100
process,16,10,28.6513,2.0538,4.2269,0.2513,100
process,16,13,31.8669,2.5358,4.5806,0.3067,100
process,16,18,37.7169,3.2546,5.2512,0.3950,100
process,16,24,45.0325,3.9854,6.1225,0.4870,100
process,16,32,54.9319,4.7425,7.3187,0.5964,100
process,16,42,67.8413,5.4025,8.9150,0.6851,100
process,16,56,84.1569,5.6490,10.9575,0.7048,100
process,16,75,101.4894,5.9178,13.1250,0.7427,100
process,16,100,114.2869,5.8268,14.7200,0.7253,100
process,16,133,123.2181,5.5654,15.8488,0.7129,100
process,16,178,127.7037,5.7289,16.4119,0.7422,100
process,16,237,132.0325,6.6892,16.9400,0.8535,100
process,16,316,135.5794,6.0129,17.3844,0.7609,100
process,16,422,136.8525,7.2502,17.5569,0.8996,100
process,16,562,141.6250,7.3207,18.1562,0.9379,100
process,16,750,144.0781,7.9674,18.4619,1.0127,100
process,16,1000,144.9631,9.4953,18.5619,1.1961,100
process,16,1334,149.5219,7.6555,19.1419,0.9536,100
process,16,1778,153.3688,7.8709,19.6281,1.0003,100
process,16,2371,156.2650,8.1102,19.9975,1.0052,100
process,16,3162,160.6113,8.8815,20.5275,1.1186,100
process,16,4217,164.0000,7.6586,20.9469,0.9562,100
process,16,5623,167.5737,8.4092,21.3869,1.0630,100
process,16,7499,170.8862,9.8722,21.7994,1.2368,100
process,16,10000,175.2181,9.5428,22.3388,1.1969,100
process,16,13335,177.1850,9.4397,22.5950,1.1840,100
process,16,17783,182.5075,9.6450,23.2538,1.2247,100
process,16,23714,186.5538,8.7266,23.7638,1.1021,100
process,16,25000,187.3619,9.1642,23.8731,1.1429,100
process,8,1,11.7250,0.4569,2.1350,0.0339,100
process,8,2,13.5775,0.9280,2.2963,0.0823,100
process,8,3,15.2937,1.3242,2.4650,0.1263,100
process,8,4,17.0212,1.7181,2.6350,0.1683,100
process,8,6,20.5012,2.2330,3.0312,0.2612,100
process,8,7,22.2662,2.6367,3.2375,0.3110,100
process,8,10,27.4088,3.3085,3.8775,0.4301,100
process,8,13,31.7300,3.4326,4.4088,0.4440,100
process,8,18,38.4462,3.5521,5.2525,0.4257,100
process,8,24,44.8850,3.1488,6.0637,0.4248,100
process,8,32,51.4288,3.6829,6.8838,0.4793,100
process,8,42,56.7675,3.7763,7.5438,0.4995,100
process,8,56,60.6850,4.2077,8.0525,0.5415,100
process,8,75,62.5675,4.3245,8.2700,0.5617,100
process,8,100,63.8162,4.8528,8.4288,0.6137,100
process,8,133,67.3612,3.9562,8.8887,0.5003,100
process,8,178,67.8050,5.1606,8.9350,0.6809,100
process,8,237,69.6700,4.3794,9.1475,0.5527,100
process,8,316,72.6787,5.2316,9.5325,0.6661,100
process,8,422,74.0763,5.7243,9.7100,0.7220,100
process,8,562,76.6488,4.5898,10.0388,0.5886,100
process,8,750,77.1787,5.4458,10.0950,0.7043,100
process,8,1000,79.9900,5.6284,10.4475,0.7155,100
process,8,1334,80.7338,5.9253,10.5375,0.7322,100
process,8,1778,82.3438,6.4638,10.7462,0.8554,100
process,8,2371,85.3800,5.7278,11.1337,0.7461,100
process,8,3162,86.0362,6.6349,11.2088,0.8535,100
process,8,4217,89.4875,6.0771,11.6275,0.7862,100
process,8,5623,91.4675,5.7092,11.8925,0.7224,100
process,8,7499,93.2475,6.8339,12.1062,0.8442,100
process,8,10000,94.3812,5.8069,12.2438,0.7309,100
process,8,13335,96.8563,5.6493,12.5463,0.7396,100
process,8,17783,99.4688,6.2543,12.8950,0.8017,100
process,8,23714,99.9463,6.8401,12.9563,0.8657,100
process,8,25000,100.0750,6.5549,12.9825,0.8432,100
process,4,1,12.9200,1.0265,2.3100,0.1068,100
process,4,2,15.5150,1.6526,2.5750,0.2016,100
process,4,3,17.9950,2.1110,2.8075,0.2595,100
process,4,4,20.0675,2.1436,3.0100,0.2667,100
process,4,6,23.0600,2.2336,3.3275,0.2662,100
process,4,7,24.3525,2.1895,3.4625,0.2792,100
process,4,10,27.5750,2.7255,3.8900,0.4052,100
process,4,13,29.4850,2.6141,4.1550,0.4150,100
process,4,18,31.5675,2.9202,4.3950,0.4186,100
process,4,24,33.0350,3.1836,4.5575,0.4442,100
process,4,32,34.1350,3.3364,4.7450,0.4486,100
process,4,42,35.4900,3.0667,4.9050,0.4269,100
process,4,56,36.7775,3.3373,5.0650,0.4856,100
process,4,75,37.6125,2.7583,5.1525,0.4182,100
process,4,100,38.8800,3.5179,5.3325,0.4784,100
process,4,133,41.0750,3.5049,5.5600,0.4403,100
process,4,178,41.3700,3.6234,5.6075,0.4966,100
process,4,237,42.9700,3.5743,5.8350,0.5077,100
process,4,316,43.6700,3.1028,5.8800,0.4479,100
process,4,422,44.5750,4.0747,6.0375,0.5683,100
process,4,562,46.3175,3.5554,6.2500,0.4822,100
process,4,750,47.1975,3.4934,6.4050,0.4883,100
process,4,1000,48.6925,3.3410,6.5350,0.4243,100
process,4,1334,49.3875,3.7303,6.6275,0.4867,100
process,4,1778,51.9400,3.9079,6.9700,0.5307,100
process,4,2371,52.4475,3.5264,7.0100,0.5110,100
process,4,3162,52.9750,3.6086,7.1125,0.4967,100
process,4,4217,55.5400,3.7124,7.4200,0.5048,100
process,4,5623,55.4825,3.6201,7.3875,0.4865,100
process,4,7499,57.4650,4.1298,7.6100,0.5377,100
process,4,10000,58.2175,3.9866,7.7250,0.5426,100
process,4,13335,59.3300,3.6479,7.8625,0.4954,100
process,4,17783,61.6500,3.9303,8.1875,0.5527,100
process,4,23714,61.6475,3.4952,8.1625,0.5054,100
process,4,25000,61.4975,4.3111,8.1575,0.5902,100
